{"model": "RandomForestClassifier", "accuracy_score": 0.8120805369127517, "precision_score": 0.7714285714285715, "recall_score": 0.8181818181818182, "f1_score": 0.7941176470588236}