{"model": "XGBClassifier", "accuracy_score": 0.7888888888888889, "precision_score": 0.7555555555555555, "recall_score": 0.8095238095238095, "f1_score": 0.7816091954022989}